{
 "0": [
  -0.37997015621289754,
  -0.006962020354519316,
  -0.3982769580566182,
  0.42023216647844186,
  -0.47298760859070965
 ],
 "1": [
  0.12109535697350371,
  0.30941599125594155,
  0.1407761533898627,
  -0.32146437792174765,
  -0.4797677773867207
 ],
 "2": [
  0.006451233502043907,
  0.22673991647754044,
  -0.298178567666483,
  0.3284844681119642,
  -0.4895538820418516
 ],
 "3": [
  -0.22058775196860803,
  0.17769559056101658,
  -0.4257097961173658,
  -0.030489679204772857,
  -0.290246965232525
 ],
 "4": [
  -0.3108979404401663,
  0.01241921251424738,
  -0.317699439925929,
  0.02519733380599909,
  0.09690378571964997
 ],
 "5": [
  0.2340773662847152,
  -0.09204672190849261,
  0.1550806892637262,
  -0.2534870218484807,
  -0.26075579422028694
 ],
 "6": [
  -0.2469763788813839,
  0.148670890566989,
  -0.05883465843884006,
  0.3810941834578645,
  0.13554190569413282
 ],
 "7": [
  0.4188783641383077,
  -0.13629997835368413,
  0.3799226790040361,
  -0.25830565682098616,
  -0.24794729916760283
 ],
 "8": [
  0.2916229182478932,
  -0.07403368992920922,
  -0.2505266372264796,
  0.24733008343871976,
  -0.08712668255279798
 ],
 "9": [
  -0.26416708314242465,
  0.14163279880549584,
  -0.23517893759766206,
  0.49220192873841195,
  -0.1636294107713422
 ],
 "10": [
  -0.18023998716343992,
  0.3384524331299461,
  0.0988915034520017,
  0.3833383133415941,
  -0.028252519687841926
 ],
 "11": [
  0.09428463271768417,
  -0.38265519710496687,
  0.2172543037588479,
  -0.0775771200559423,
  -0.1969921903727463
 ],
 "12": [
  0.28733688354951015,
  -0.049657997965328105,
  -0.4988941681324707,
  0.3555077345421317,
  0.48549031951413446
 ],
 "13": [
  0.19994791054670713,
  0.06540883633179606,
  -0.4250371218239719,
  -0.44829668083783636,
  0.49156836520240477
 ],
 "14": [
  -0.027966152403981148,
  0.2729714187287282,
  0.08645745616350298,
  -0.12285363233229818,
  0.21010419409703807
 ],
 "15": [
  -0.1999280708636012,
  -0.05130759592435963,
  0.2920504707081425,
  -0.09255994115994315,
  0.14893287134657085
 ],
 "16": [
  0.45326206358352983,
  0.49734718662410005,
  0.16611584020391335,
  0.010851580967542906,
  -0.1310821684210436
 ],
 "17": [
  -0.203518865566779,
  0.39081286560732187,
  -0.25375254350027854,
  0.2306519226565158,
  0.44816347975929993
 ],
 "18": [
  -0.08132786990259733,
  -0.31544372078494487,
  0.07172716825457148,
  0.02327363335935806,
  0.1122429201122167
 ],
 "19": [
  0.011075522080630784,
  -0.28786248947585547,
  -0.0879642048233985,
  -0.3091537645474175,
  0.15771657160167551
 ]
}