{
 "0": [
  0.5574424674494056,
  -0.5904877238233812,
  0.9098134036320518,
  0.58458574319187,
  0.590159944608589
 ],
 "1": [
  0.7189230607700867,
  0.8397541739999539,
  -0.8856093160933556,
  0.6556902058156463,
  0.9387695108046743
 ],
 "2": [
  0.5303356262443955,
  0.8099852281050692,
  -0.5231429246663635,
  -0.987845485023563,
  0.8527032821282803
 ],
 "3": [
  -0.5202494190587916,
  -0.7727576089640726,
  -0.8192780722959353,
  0.8243523898810565,
  0.8606094657848924
 ],
 "4": [
  0.6839816977177517,
  0.5095104814618986,
  -0.9036913604498404,
  -0.942127854558323,
  -0.6484598548337068
 ],
 "5": [
  0.9382350269432969,
  0.8120816745033586,
  0.8793899727212346,
  -0.8201367480316282,
  -0.8246346552845398
 ],
 "6": [
  0.6694460369855876,
  -0.8853245696728587,
  -0.8838706915769903,
  -0.8642253184799435,
  -0.697148437276492
 ],
 "7": [
  -0.722320060802,
  0.6665590355665787,
  0.697531202571485,
  -0.8986532148473377,
  -0.9711290925288103
 ],
 "8": [
  -0.9267032257945613,
  0.8369636822900185,
  0.5636347197680497,
  0.9447354539158722,
  -0.8918732969334899
 ],
 "9": [
  -0.6095046853050226,
  0.968727854276533,
  0.7773797392596208,
  -0.9983832942063504,
  -0.8257636367546564
 ],
 "10": [
  0.5281026721094924,
  0.906877554185415,
  -0.5955685188247688,
  0.9289564640248732,
  -0.5105627518512332
 ],
 "11": [
  -0.7462362530055622,
  0.691854176498778,
  -0.9945284458744441,
  0.7201357382516811,
  0.527016679319658
 ],
 "12": [
  -0.7140375905267667,
  0.546354394760018,
  0.584383070711483,
  0.9525826419805057,
  -0.8964651349448793
 ],
 "13": [
  0.8008249990925864,
  -0.6605156668790313,
  -0.5014322759755437,
  -0.5658538512143456,
  0.9872331599028642
 ],
 "14": [
  0.8039291576101115,
  0.9381930356426157,
  0.581935472626809,
  -0.7084077877334591,
  -0.9320539077265024
 ],
 "15": [
  0.5761583021551886,
  -0.6182560059812277,
  -0.6512405424761032,
  -0.8151796506751288,
  -0.5323909386984188
 ],
 "16": [
  0.901507651674795,
  -0.6825978935130554,
  -0.7234536937309524,
  -0.5841416764093932,
  -0.5218016145015403
 ],
 "17": [
  -0.868303238822267,
  0.5167929436232028,
  -0.5408902291860742,
  -0.829105370380687,
  0.555019270673516
 ],
 "18": [
  -0.9195363475548506,
  0.8525005255260925,
  -0.6464678700317521,
  -0.7256444990111675,
  0.585452758495301
 ],
 "19": [
  -0.8710290305582659,
  -0.6854313781135035,
  -0.8057049036977333,
  -0.647559346880706,
  0.8216123767854437
 ]
}