{
 "0": [
  -0.7204151867384503,
  -0.8005927153819893,
  0.7072121632318018,
  -1.1398696571098887,
  0.8936252201938708
 ],
 "1": [
  -0.7434568518040942,
  -0.8029112644004391,
  0.9105181858561171,
  1.0793791750156665,
  0.6468208979366373
 ],
 "2": [
  1.048284478703292,
  -1.1863809701941759,
  0.7982333312160872,
  -0.748701508335701,
  0.9287684891329833
 ],
 "3": [
  1.1103343670808075,
  -0.6176280832117887,
  -0.7009017972121012,
  0.7579562359713857,
  -1.0116662057900325
 ],
 "4": [
  -0.8015145780789061,
  0.8567831156782303,
  0.9197523936090043,
  -0.6024406690074601,
  0.675328315255058
 ],
 "5": [
  0.6765932112101711,
  0.9357026492790443,
  -0.9421034432255063,
  0.7015422508987305,
  -1.0967200060432978
 ],
 "6": [
  0.8892977756358277,
  1.1080729843708321,
  -1.0568535525339502,
  0.9925437424343715,
  -0.8943840404236635
 ],
 "7": [
  1.0365947014658177,
  -0.6556057080970074,
  1.1058312305099074,
  -0.7880117297989976,
  1.1208939764835584
 ],
 "8": [
  0.9482422205041571,
  -0.911716430947917,
  0.6392124430257728,
  -1.1056795838500864,
  -0.7225702341101898
 ],
 "9": [
  0.6703531927202545,
  0.6221710857209937,
  -1.1870194238420289,
  -0.6769213147578319,
  -1.0674460320004981
 ],
 "10": [
  -0.7828042740778351,
  0.9380824709733158,
  -0.7925520258327258,
  -0.7619643284083891,
  -0.9420663505017104
 ],
 "11": [
  0.9539937760961725,
  -0.8718133728827573,
  -1.014007532979451,
  -0.6719129675172412,
  -0.8151891530141782
 ],
 "12": [
  0.9354246343212642,
  -0.8623629730486901,
  1.0563108957649157,
  -0.6412814446802684,
  0.6319885159348946
 ],
 "13": [
  -1.1285123278367248,
  -1.1216406281182887,
  -1.146492424412046,
  0.7380276238284534,
  -0.8178388381368785
 ],
 "14": [
  0.7140297867764293,
  -1.072418699809978,
  1.0039289695538893,
  0.6573945191901485,
  0.9367830413055289
 ],
 "15": [
  0.871994924345262,
  1.0225730770022676,
  0.7136107634035652,
  -1.0684410177955246,
  1.1538343991910243
 ],
 "16": [
  0.631566561813337,
  -0.8002718745954274,
  0.8014103236689445,
  -1.1661294832738214,
  0.6045053724359218
 ],
 "17": [
  -0.9266512752556567,
  -0.8591957248564094,
  1.1706935465379147,
  -0.8945046726419202,
  -1.1547393433251292
 ],
 "18": [
  -0.7750686435688404,
  -0.7556449680177704,
  1.0218002365841914,
  -0.727111698661136,
  -0.8738836228077507
 ],
 "19": [
  1.0495021053864435,
  0.7970698148965292,
  -0.839639327126159,
  1.161161521118931,
  -1.0870444784430686
 ]
}