{
 "0": [
  0.6115329505287521,
  -0.8592651146910377,
  -0.5319744621196061,
  0.10488634844915534,
  -0.2233335613705978
 ],
 "1": [
  -0.7133452266820497,
  0.4107300486813399,
  -0.034693805581334836,
  0.4581842466257413,
  -0.0763886435928578
 ],
 "2": [
  0.7033264548418288,
  0.46975466598872706,
  -0.9584384904041439,
  -0.5335578670667822,
  -0.08565820437239235
 ],
 "3": [
  0.5450492777063691,
  0.5108947738431628,
  0.07323344285327593,
  -0.8404129790119932,
  0.6272933711703597
 ],
 "4": [
  -0.1685100450271193,
  0.47100111050489857,
  0.6009230345481542,
  0.24352895897070037,
  -0.7813489483480636
 ],
 "5": [
  -0.7194395155061395,
  -0.8360758601630491,
  -0.7551360028251686,
  0.5204114754420177,
  0.27567930377501226
 ],
 "6": [
  -0.6861105352543948,
  0.7787568872384141,
  0.8826062979785916,
  -0.6423258879719691,
  0.9827505888888826
 ],
 "7": [
  0.8103491140201291,
  0.9086202587893715,
  -0.855476220439048,
  0.27386323136855295,
  -0.7949825376621409
 ],
 "8": [
  0.117773885280406,
  -0.16538315552906901,
  -0.12016109668136177,
  -0.007109638368112847,
  0.598748310979331
 ],
 "9": [
  0.3017198231514351,
  0.9178554908912031,
  0.3429616852940236,
  0.15869807775355937,
  0.43635942090753477
 ],
 "10": [
  -0.8887590549583309,
  0.39149330307441566,
  -0.22426105396439877,
  -0.4387142917215936,
  0.3772414370789614
 ],
 "11": [
  -0.2059887057627079,
  0.5721488739620479,
  0.8154102160669721,
  0.3325126693165721,
  0.04371565115365961
 ],
 "12": [
  0.04782251702447149,
  0.28804096605135676,
  -0.3125451748038768,
  -0.8291702411888069,
  0.720275621609799
 ],
 "13": [
  0.967399897890761,
  -0.32348660103617055,
  0.7845501835880833,
  -0.0837779745438405,
  0.5615211112645984
 ],
 "14": [
  -0.33238058040970553,
  0.4120144510461594,
  0.8211881409783555,
  -0.3263534886411137,
  -0.6538912269799635
 ],
 "15": [
  -0.2776494874455826,
  -0.03184546289626122,
  0.036558104463697116,
  0.2790648947431833,
  0.6281929370109796
 ],
 "16": [
  -0.9511541608039487,
  0.3472055821438438,
  0.2327516447638709,
  -0.17173677632676232,
  -0.7628200104040268
 ],
 "17": [
  -0.48199454601972924,
  -0.5896335757292834,
  0.6682048533250078,
  -0.2634935153526463,
  -0.5519748492843775
 ],
 "18": [
  0.5446775287149725,
  0.5066109883335432,
  -0.7987995416327256,
  0.3114234828326621,
  0.6212133010405754
 ],
 "19": [
  0.5239113676866782,
  0.33875778837507275,
  -0.8600636901033005,
  0.5777210157604318,
  0.986518773786379
 ],
 "20": [
  0.6687261777199247,
  0.2128308736164921,
  0.6835048091623763,
  0.5344617623931309,
  -0.6259629138027687
 ],
 "21": [
  -0.7422289298166898,
  0.8130164974684815,
  -0.9649619092821256,
  0.512447067319945,
  0.4720515736083608
 ],
 "22": [
  -0.149697306067617,
  -0.0037647559960125587,
  0.48978463010414686,
  -0.18890104044184097,
  0.6401999895563881
 ],
 "23": [
  -0.4401087595288682,
  0.010272505184853786,
  0.22969257386495512,
  -0.42639578718122007,
  0.8665338358115069
 ],
 "24": [
  -0.2984923684282623,
  -0.9081445254334006,
  -0.35091940882178907,
  0.9580335759893162,
  -0.05379112367831951
 ],
 "25": [
  -0.43624241366018435,
  0.7942442438926252,
  0.5638664190767149,
  0.11601782608348632,
  -0.8046558542717026
 ],
 "26": [
  0.5126353157840464,
  0.9189122406727996,
  -0.9623603640394678,
  -0.40693753369128594,
  -0.037078239091465015
 ],
 "27": [
  0.05342352783354265,
  -0.4666089861971421,
  0.7899208724384115,
  0.4823200078983647,
  0.30696715473169234
 ],
 "28": [
  -0.22544690454826277,
  0.018468163147055794,
  0.8757981058781537,
  0.8701503581726202,
  -0.867502787253698
 ],
 "29": [
  -0.17979762444606417,
  -0.8030979829381386,
  -0.7820678524555642,
  0.21683588356707095,
  -0.49999488355954025
 ],
 "30": [
  0.9241843173160098,
  0.7717969853814852,
  -0.6784946635796398,
  0.1620971461310481,
  0.8659539198454336
 ],
 "31": [
  0.2582854307176319,
  -0.5474129595685111,
  0.8254576572646881,
  0.5917367782478675,
  -0.6298489309540127
 ],
 "32": [
  -0.019116688482884836,
  0.5761918030314814,
  -0.916866663493443,
  0.1007439250745712,
  0.5027850685255915
 ],
 "33": [
  0.32364839195765627,
  0.6693164355199503,
  -0.8691531504373724,
  -0.29502884629107484,
  -0.34396518032259626
 ],
 "34": [
  -0.45031753014893305,
  -0.338752289831425,
  0.6788486469828396,
  0.7719960679604396,
  -0.04485162010996002
 ],
 "35": [
  0.18055677827106154,
  0.5211633332719732,
  -0.29456645236369905,
  0.054877454629777,
  -0.45189037636701945
 ],
 "36": [
  -0.30626286371733435,
  -0.2716887039917,
  0.08379642042452873,
  0.032115816952690945,
  0.14100841448673274
 ],
 "37": [
  -0.708594774749483,
  0.6373547568881595,
  0.13469210073902294,
  0.729135048247048,
  -0.7175926724450046
 ],
 "38": [
  -0.6040072414214632,
  -0.8262467818251,
  0.012926124849754528,
  -0.664072110309091,
  0.9945560941290994
 ],
 "39": [
  -0.07955230717678008,
  0.4141068739733882,
  0.7539790187795616,
  0.24074930888451473,
  0.5185824265502621
 ],
 "40": [
  -0.660074216747111,
  -0.923671339657754,
  -0.6292437750972131,
  -0.03795789054725507,
  0.3346778480787438
 ],
 "41": [
  -0.36676534336251265,
  0.06636322497073,
  -0.4343725872861972,
  -0.09866633967212812,
  0.5143405810058543
 ],
 "42": [
  -0.884473033515726,
  0.1302808821246686,
  0.8878843742279694,
  0.2744261636541099,
  0.7507531762493216
 ],
 "43": [
  0.6353661744054164,
  0.23910972819625353,
  0.3658041712873008,
  -0.3813417705754534,
  -0.6846645082274883
 ],
 "44": [
  0.04308841950459774,
  0.04561528516614488,
  0.5847543473035772,
  0.2563399966120876,
  -0.5738542104966498
 ],
 "45": [
  0.22845666772439333,
  -0.2250755389295831,
  0.901504863054466,
  0.692164571259456,
  -0.2914737866479562
 ],
 "46": [
  0.536188125088455,
  0.7957418091098112,
  -0.7852343536072794,
  0.1777257950551998,
  -0.41335434819147365
 ],
 "47": [
  0.43024579800029894,
  0.6442076188803474,
  0.2557711235082052,
  0.5805115372342504,
  -0.32874688942141117
 ],
 "48": [
  0.2555539899103463,
  0.6792967686619431,
  -0.48899478533068397,
  0.9464622757337489,
  -0.3954335114915093
 ],
 "49": [
  -0.4591082365970329,
  -0.9574097634538687,
  0.0781306027264963,
  -0.268372598368511,
  0.08537118758247475
 ]
}