{
 "0": [
  0.8110167591763119,
  0.7245337622854757,
  -0.9668158040044728,
  -0.840562345060049,
  0.600359919371626
 ],
 "1": [
  -0.804169320043842,
  0.9470109606639225,
  0.6391324345052345,
  0.5784932901789823,
  0.6385424324437328
 ],
 "2": [
  0.8351588751941065,
  -0.7817491998451274,
  -0.9498005715996201,
  0.6777092249092516,
  0.9911616010691422
 ],
 "3": [
  0.8795844338733089,
  0.57833036807628,
  0.8721771011209806,
  -0.7347375606771921,
  0.9735367053966894
 ],
 "4": [
  0.7881621339221889,
  0.9024393323551102,
  -0.9683618094249131,
  -0.5295497059843337,
  0.819252403063585
 ],
 "5": [
  -0.6144950693108011,
  0.9851602220653195,
  -0.8857839272770693,
  0.6311751702084275,
  0.625081037772974
 ],
 "6": [
  0.8561157877355712,
  0.7198324860876262,
  -0.9217587629705162,
  0.5462280959152375,
  0.5313218908281206
 ],
 "7": [
  0.7283532876821744,
  -0.5250664316130649,
  -0.7170263102266616,
  0.9394103062666287,
  0.5714829176686317
 ],
 "8": [
  0.534605961305263,
  0.9169806265134616,
  -0.654996610046557,
  0.5026920322259407,
  -0.8482275170691302
 ],
 "9": [
  -0.5806755076494958,
  0.8865075725746034,
  0.5398309534587202,
  -0.7833799212313813,
  0.7042960051774635
 ],
 "10": [
  -0.8929524076873147,
  -0.9380587708999124,
  0.7656839229827708,
  -0.8953113676805963,
  -0.9588156720531712
 ],
 "11": [
  -0.9841408521501114,
  0.7371344593381364,
  -0.7675442743411967,
  -0.6482182510039749,
  0.529876051001545
 ],
 "12": [
  -0.6762806479519481,
  0.8065199043510685,
  0.5130609150250545,
  0.6459436164499073,
  -0.8664034838454593
 ],
 "13": [
  0.6405958364585655,
  0.8544233997345809,
  -0.8043466579441698,
  -0.7860243955357726,
  -0.9231940764876345
 ],
 "14": [
  -0.6532492749920191,
  0.9877520621495162,
  0.5377463655051751,
  -0.6398083355036286,
  0.6887600315463677
 ],
 "15": [
  -0.57600616545766,
  0.8219043595912773,
  0.5145862315036271,
  -0.7283405658868167,
  0.6430036965456054
 ],
 "16": [
  0.995581334059345,
  0.8178894077125437,
  0.6398467501676357,
  0.5819938958323128,
  -0.9855106382928778
 ],
 "17": [
  0.9153859218567257,
  0.5757688924618319,
  0.819035303474468,
  -0.7290569521904522,
  0.712749638864133
 ],
 "18": [
  -0.5249017479433709,
  0.9362338452871106,
  -0.6030723115967409,
  0.8974130674829248,
  -0.5569354686574801
 ],
 "19": [
  -0.7291558787469582,
  -0.5571840059802362,
  -0.6041412180543568,
  -0.6457439800485132,
  -0.770496056144284
 ]
}