{
 "0": [
  0.7969011704380081,
  -0.7129028045976447,
  0.8384331424634931,
  -0.9219827261633524,
  -0.6932816338588331
 ],
 "1": [
  0.8313611077876344,
  0.9503666119378762,
  0.7769483161349859,
  -0.8982478134357148,
  0.7907598697329032
 ],
 "2": [
  -0.9335778798003572,
  -0.7125492815793273,
  0.7286661285162945,
  -0.6434008114939316,
  0.9200171656077318
 ],
 "3": [
  -0.8364014144688784,
  -0.5720535326371514,
  -0.9039147086420576,
  -0.6950748530003337,
  0.6576860026704832
 ],
 "4": [
  0.8472431829902476,
  0.7819611666654653,
  0.5655266763389769,
  0.7350780432228566,
  0.7862933726078261
 ],
 "5": [
  0.9967389011526004,
  -0.9883539388170264,
  0.8384714303631153,
  0.8677842035567134,
  0.9031261219870058
 ],
 "6": [
  -0.9612479853733442,
  0.8585648382796423,
  -0.665475302858986,
  0.8131928335653313,
  0.5820889274542329
 ],
 "7": [
  -0.9415994005794056,
  0.7458291580765073,
  0.9142582194712433,
  0.9872918160427182,
  -0.7061593831502929
 ],
 "8": [
  -0.6432068067807813,
  0.6497271469253523,
  -0.7566074855766285,
  -0.6807271348828786,
  -0.5651293219071547
 ],
 "9": [
  0.7314424424791752,
  -0.8822237022344658,
  -0.937415067553043,
  -0.9297079130562527,
  0.7071118437024198
 ],
 "10": [
  0.9507005675219642,
  0.9962707789642697,
  0.5954192347622922,
  -0.7286507307038076,
  -0.5152735797770855
 ],
 "11": [
  0.8110740737193308,
  0.9422087466045366,
  0.9208051154681727,
  -0.7048840568598073,
  0.8333417062682601
 ],
 "12": [
  -0.8908360085279619,
  0.7602074588091727,
  0.5678302558223138,
  -0.9231938830103862,
  0.5184023757977326
 ],
 "13": [
  -0.6938392039132515,
  -0.5099846267011972,
  0.8334345802727614,
  -0.6786471996047864,
  -0.6633122862028122
 ],
 "14": [
  0.5605854962887605,
  -0.8680186314753036,
  0.87546603331581,
  0.953155581318139,
  0.7211141849035827
 ],
 "15": [
  -0.7351407782981147,
  -0.8974518563940832,
  0.6902193251930449,
  -0.7106193189383542,
  -0.9110085685666849
 ],
 "16": [
  -0.6079151702817609,
  0.7649077838683291,
  -0.803705540014257,
  -0.50498831485449,
  -0.6292292790282512
 ],
 "17": [
  -0.5809706412031548,
  0.9953600535657239,
  0.8965639626377266,
  0.7233716163487274,
  -0.6063583022743031
 ],
 "18": [
  -0.8745343077733854,
  -0.6610314540431883,
  -0.6661562346322321,
  -0.7934695045316722,
  0.7769316713705026
 ],
 "19": [
  0.5876061371431991,
  -0.795158278275341,
  0.6074664944784652,
  0.5245144975959795,
  -0.6782230979303057
 ]
}