{
 "0": [
  0.4165255495068001,
  0.28195097340124065,
  -0.6568569642099547,
  -0.4374335707015633,
  0.9097343111191425
 ],
 "1": [
  0.29016230414994104,
  -0.1946023390902838,
  0.6860277274076061,
  0.9970909852244361,
  0.4148219407731233
 ],
 "2": [
  0.7696894368206859,
  0.7195535417927872,
  0.48797440399807956,
  -0.41731274439374966,
  -0.01671394032137319
 ],
 "3": [
  0.43737648905617843,
  -0.7238161630805944,
  -0.22810143054300136,
  0.8830859102091562,
  0.39347512899467585
 ],
 "4": [
  0.6755199095494135,
  0.9424958366368996,
  -0.03994723791928201,
  -0.8428513649162068,
  -0.9686354256903731
 ],
 "5": [
  -0.17860654538788312,
  0.6162405416426247,
  -0.7825549651810855,
  0.48085989090543846,
  -0.27663061771714426
 ],
 "6": [
  0.31949560587807846,
  -0.3064499139800616,
  -0.0549766960322553,
  -0.3156479273508148,
  -0.8184004720897184
 ],
 "7": [
  -0.356039328159512,
  -0.556408139975376,
  0.7336332802054117,
  0.15863064422317308,
  0.27546911551994824
 ],
 "8": [
  -0.13700256147896317,
  -0.04400136053754933,
  -0.1461029632406632,
  0.36469961472913104,
  0.45117356688448473
 ],
 "9": [
  0.9391267050923444,
  -0.41924898885929274,
  -0.6244310057881857,
  -0.8140053969295222,
  -0.25956159937217493
 ],
 "10": [
  -0.3344282129140961,
  0.7872858565215684,
  -0.05878322483018472,
  0.9090527325074664,
  -0.6245717010499161
 ],
 "11": [
  -0.3263985738286421,
  0.5975690599778749,
  -0.2101555884420272,
  -0.3775528969585433,
  -0.27331067852100865
 ],
 "12": [
  -0.9859437448645287,
  0.053236007696853216,
  0.5510523162213197,
  0.5742326879516386,
  -0.754785215828742
 ],
 "13": [
  -0.7926693840887631,
  0.037484579961082565,
  -0.21467234292574044,
  0.5958141605720246,
  -0.46649068546703654
 ],
 "14": [
  -0.20527270562886857,
  -0.14696263510433205,
  -0.45530158483012784,
  0.8376119700296489,
  -0.7776606971525222
 ],
 "15": [
  0.6414297328234844,
  -0.8994347004225614,
  -0.03616831229487816,
  0.9458939144571716,
  0.7048019381908976
 ],
 "16": [
  0.5616987860786395,
  -0.9842320881301123,
  0.35473186927666633,
  -0.07950910528510358,
  -0.8054408521915442
 ],
 "17": [
  -0.8640575632190781,
  0.7085751521053789,
  0.49180319795443417,
  0.5831102850577552,
  0.4095113434483768
 ],
 "18": [
  -0.5652550324929355,
  -0.7059340297435424,
  0.7135202775694893,
  0.9573730408268333,
  -0.6457014510469978
 ],
 "19": [
  0.5767947643925382,
  0.44532159642827684,
  0.019880635874703456,
  -0.7808263652635918,
  0.4748464770614562
 ],
 "20": [
  0.5326396730042444,
  -0.9046139753887661,
  -0.12671204349951393,
  -0.20268869022479774,
  0.028129657238273875
 ],
 "21": [
  -0.466977295043179,
  0.27626179871187184,
  0.20062422743016173,
  -0.7302365060719476,
  -0.9274568170311035
 ],
 "22": [
  -0.2033586387790236,
  -0.21171262744383545,
  -0.46884456758049975,
  0.5719585457136576,
  -0.8171142757304386
 ],
 "23": [
  -0.13801123741927457,
  0.43709696992042724,
  0.6531149436702475,
  -0.5350132502529734,
  0.1513660313591052
 ],
 "24": [
  0.2811469478673272,
  -0.8789247371368081,
  -0.7648210925730305,
  0.9642826677282326,
  -0.2004739891022158
 ],
 "25": [
  -0.4375475060951206,
  -0.1561551989456864,
  0.10567179158485973,
  -0.5146112220635615,
  0.008969819172820026
 ],
 "26": [
  0.7713846817878192,
  0.05990104391628259,
  -0.2708750675576326,
  -0.9474802341252213,
  0.03826459436488272
 ],
 "27": [
  -0.4416021412040336,
  0.6336854613236131,
  -0.5239853670263743,
  0.15739691520404975,
  0.224046519238144
 ],
 "28": [
  0.8927388488674259,
  -0.3443877877594974,
  -0.9322558151432911,
  -0.4193614304428659,
  0.3508577623469571
 ],
 "29": [
  0.5522808694508587,
  0.2040449019367787,
  -0.4055699959013126,
  0.15876795478856787,
  -0.49858006343792405
 ],
 "30": [
  -0.6404446581692993,
  -0.585156411706572,
  -0.6034106243263899,
  0.09051057063324452,
  0.32921816637369283
 ],
 "31": [
  -0.17990114154162717,
  0.028039846285674574,
  -0.14084849423295132,
  0.11507908253169474,
  -0.2923627243330076
 ],
 "32": [
  0.7879720504703471,
  0.7312669788310346,
  0.28525999991478956,
  -0.20658636993302748,
  -0.30999636505424655
 ],
 "33": [
  0.3093087963866814,
  0.9137205814590308,
  0.5766926979102494,
  0.5885910614085332,
  0.38671919297529267
 ],
 "34": [
  0.7724077176034041,
  -0.08190825373568811,
  -0.7420285591864428,
  -0.9670560568123365,
  0.5691696657148273
 ],
 "35": [
  0.17926793563422727,
  -0.4732559528120486,
  -0.32057085774415683,
  0.03944711018539526,
  -0.30551693654805145
 ],
 "36": [
  0.23061460379874799,
  -0.40628947010501926,
  -0.782795643387795,
  -0.8363439858463033,
  0.8984978153426706
 ],
 "37": [
  0.27336393501842227,
  0.6757500891297215,
  -0.6336738857758701,
  0.8259133198149409,
  0.18412572052999643
 ],
 "38": [
  0.9261613899856287,
  0.3304526501466116,
  0.8050182804140464,
  -0.7558977240507951,
  -0.0823584646486526
 ],
 "39": [
  0.512939692440268,
  0.7600165497187812,
  -0.9554323684004136,
  0.26059886480325356,
  -0.7494249581730636
 ],
 "40": [
  -0.1881061079271129,
  -0.20304072943968388,
  -0.40220696912001075,
  -0.9172861073305867,
  -0.8795424545977057
 ],
 "41": [
  0.6695585319550383,
  -0.9958613756836254,
  0.5689279866283348,
  -0.6944462841051373,
  -0.3967488983092753
 ],
 "42": [
  0.13664394728085272,
  0.9305704137155912,
  0.6036728207084527,
  0.6116101866936401,
  -0.6739415080539084
 ],
 "43": [
  -0.3992588787932023,
  0.769135331912763,
  -0.14978680832943247,
  0.6773561667979064,
  -0.11548134392694354
 ],
 "44": [
  0.2651760687396667,
  -0.4767203288283093,
  -0.07223173085028955,
  -0.9342984412230644,
  0.010041317368496117
 ],
 "45": [
  0.5282968836553528,
  -0.5212238061388665,
  0.48253231215463344,
  0.9646777787293193,
  -0.2959587654927296
 ],
 "46": [
  0.8114901587967869,
  0.662774658794355,
  -0.9556193854493167,
  -0.756178569908937,
  0.8185158922310476
 ],
 "47": [
  -0.8391373915707903,
  0.487041350911821,
  -0.1991009495954592,
  -0.32647532300389837,
  -0.27752292966493086
 ],
 "48": [
  -0.4380179782328697,
  0.9588821950028095,
  -0.3404715798912743,
  0.32106858790341897,
  -0.5027299663944997
 ],
 "49": [
  -0.061564528536023566,
  0.6794653437065075,
  -0.41398538359902703,
  0.19235429797428094,
  0.0653183697323223
 ]
}