{
 "4": -0.0036140400916337967,
 "5": 1.1123947501182556,
 "6": 0.03543940559029579,
 "7": 0.06421477347612381,
 "8": 0.06412047892808914,
 "9": -0.01189455483108759,
 "10": -0.014639271423220634,
 "11": -0.008585563860833645,
 "12": 0.012507601641118526,
 "15": 0.06745387613773346,
 "16": 0.006468605250120163,
 "21": 0.02980831265449524
}