{
 "4": -2.9,
 "5": 1.7399999999999998,
 "6": -3.0,
 "7": 2.62,
 "10": 0.3599999999999999
}