{
 "Applied": {
  "4": -1.2559043765068054,
  "5": -0.009721217676997185,
  "6": 0.8152744555845857,
  "7": -0.043013039976358414,
  "8": 0.7311562839895487,
  "9": 1.888736542314291,
  "10": 0.7908894773572683,
  "11": -0.6778391245752573,
  "12": 0.7638310045003891,
  "15": 1.4367548152804375,
  "16": 0.8810487203299999,
  "21": -1.2841878794133663
 },
 "Estimated": {
  "4": 0.25969377160072327,
  "5": 0.11028297990560532,
  "6": -0.11195153743028641,
  "7": 0.054593704640865326,
  "8": -0.022551339119672775,
  "9": -0.22126151621341705,
  "10": -0.041652943938970566,
  "11": -0.05497973412275314,
  "12": -0.2130524069070816,
  "15": -0.2920446991920471,
  "16": -0.20479342341423035,
  "21": 0.0007799938321113586
 }
}